,title,score,id,subreddit,url,num_comments,body,created,positive,negative,neutral
0,Shitpost,2,1174i78,ffhs,https://www.reddit.com/r/ffhs/comments/1174i78/shitpost/,0,"shit, ein post",1676893108.0,0.07561841607093811,0.5180643200874329,0.4063172936439514
1,Shitpost,2,1174i78,ffhs,https://www.reddit.com/r/ffhs/comments/1174i78/shitpost/,0,"shit, ein post",1676893108.0,0.07561841607093811,0.5180643200874329,0.4063172936439514
2,Shitpost,3,sxu56b,ffhs,https://i.redd.it/6tskbdhsz6j81.jpg,0,,1645451915.0,0.07561841607093811,0.5180643200874329,0.4063172936439514
3,Shitpost,3,sxu56b,ffhs,https://i.redd.it/6tskbdhsz6j81.jpg,0,,1645451915.0,0.07561841607093811,0.5180643200874329,0.4063172936439514
4,Vorbereitigsufträg fürs nöie Semester gits oh scho,7,10hrw8l,ffhs,https://i.redd.it/iqxg0va72gda1.jpg,0,,1674309648.0,0.10462421923875809,0.04249770939350128,0.8528780937194824
5,so loufts..,4,10hq2q7,ffhs,https://i.redd.it/7sv634mxkfda1.jpg,1,,1674303840.0,0.07868915796279907,0.06816818565130234,0.8531426787376404
6,jede sunnti s gliiche,5,10acd4w,ffhs,https://i.redd.it/zv57hmmlroba1.png,0,,1673561356.0,0.0637839138507843,0.025834476575255394,0.9103816747665405
7,"Welp what can i say, it has been an honor fellow pibslers!",12,p4bqz1,ffhs,https://v.redd.it/t4ccyjdvtch71,2,,1628960381.0,0.37944576144218445,0.01838524267077446,0.6021689772605896
8,the_experience.mp4,8,onjpue,ffhs,https://v.redd.it/xnxkn9w6n7c71,2,,1626718336.0,0.030237548053264618,0.032464463263750076,0.9372979998588562
9,cya b*tches,5,onivb5,ffhs,https://i.redd.it/yaemdztwf7c71.jpg,0,,1626715892.0,0.13536325097084045,0.010766664519906044,0.853870153427124
10,You can do it!,8,o2xhm9,ffhs,https://i.redd.it/dogutac9n2671.jpg,0,,1624042754.0,0.12593434751033783,0.018742462620139122,0.8553231954574585
11,TBF 50% vode Folie inhaut si o usem internet gstohle...,9,nzm908,ffhs,https://i.redd.it/azlsqospb8571.png,0,,1623675640.0,0.11386961489915848,0.010153296403586864,0.875977098941803
